position	scope	frozen_cipher	frozen_literal	source_v2_preferred	source_v2_alternatives	alternative_decodes
1	training	n	o	n	n	o
2	training	k	c	k	k	c
3	training	a	h	a	a	h
4	training	n	o	n	n	o
5	training	y	t	y	y	t
6	training	m	n	m	m,n	n,o
7	training	t	y	t	t	y
8	training	o	s	o	o	s
9	training	n	o	n	n	o
10	training	?	?	s	s,e	m,l
11	training	p	r	p	p	r
12	training	n	o	n	n	o
13	training	d	k	d	d	k
14	training	n	o	n	n	o
15	training	x	v	x	x	v
16	training	g	a	g	g	a
17	training	y	t	y	y	t
18	training	n	o	n	n	o
19	training	n	o	n	n	o
20	training	l	b	l	l	b
21	training	k	c	k	k	c
22	training	s	m	s	s	m
23	training	n	o	n	n	o
24	training	j	j	j	j	j
25	training	w	u	w	w	u
26	training	o	s	o	o	s
27	training	s	m	s	s,e	m,l
28	training	e	l	e	e	l
29	training	w	u	w	w	u
30	training	x	v	x	x	v
31	training	w	u	w	w	u
32	training	z	z	z	z	z
33	training	l	b	l	l	b
34	training	p	r	p	p	r
35	training	g	a	g	g	a
36	training	y	t	y	y	t
37	training	b	i	b	b	i
38	training	o	s	o	o	s
39	training	e	l	e	e	l
40	training	g	a	g	g	a
41	training	x	v	x	x	v
42	training	i	e	i	i	e
43	training	v	g	v	v	g
44	training	m	n	m	m,n	n,o
45	training	i	e	i	i	e
46	training	k	c	k	k	c
47	training	a	h	a	a	h
48	training	r	p	r	r	p
49	training	n	o	n	n	o
50	training	o	s	o	o	s
51	training	e	l	e	e	l
52	training	w	u	w	w	u
53	training	m	n	m	m,n	n,o
54	training	g	a	g	g	a
55	training	x	v	x	x	v
56	training	p	r	p	p	r
57	training	a	h	a	a	h
58	training	g	a	g	g	a
59	training	r	p	r	r	p
60	training	n	o	n	n	o
61	training	r	p	r	r	p
62	training	i	e	i	i	e
63	training	p	r	p	p	r
64	training	b	i	b	b	i
65	training	g	a	g	g	a
66	training	o	s	o	o	s
67	training	r	p	r	r	p
68	training	g	a	g	g	a
69	training	u	d	u	u,n	d,o
70	training	b	i	b	b	i
71	training	i	e	i	i	e
72	training	e	l	e	e,a	l,h
73	training	o	s	o	o	s
74	training	d	k	d	d	k
75	training	i	e	i	i	e
76	training	a	h	a	a	h
77	training	n	o	n	n	o
78	heldout	x	v	x	x	v
79	heldout	t	y	t	t	y
80	heldout	o	s	o	o	s
81	heldout	e	l	e	e	l
82	heldout	g	a	g	g	a
83	heldout	m	n	m	m	n
84	heldout	k	c	k	k	c
85	heldout	g	a	g	g	a
86	heldout	y	t	y	y	t
87	heldout	w	u	w	w	u
88	heldout	d	k	d	d	k
89	heldout	p	r	p	p	r
90	heldout	n	o	n	n	o
91	heldout	d	k	d	d	k
92	heldout	n	o	n	n	o
93	heldout	x	v	x	x	v
94	heldout	g	a	g	g	a
95	heldout	n	o	n	n	o
96	heldout	b	i	b	b	i
97	heldout	w	u	w	w	u
